"TC ID","TEST NAME","STATUS","TEST TYPE","E2E TCID","FAILURE REASON"
"181510","TC181510_OQS_RK_TRiM_Sim_Instructor_Add_a_Sim_Instructor_to_OQS_RK_and_verify_in_TRiM","Passed","E2E","181510",""
"181551","TC181551_CREW_14499_TC08_OQS_RK_TRiM_FAA_Add_a_FAA_to_OQS_RK_and_verify_in_TRiM","Passed","E2E","181551",""
"181552","TC181552_OQS_RK_TRiM_APM_Add_a_APM_to_OQS_RK_and_verify_in_TRiM","Passed","E2E","181552",""
"181359","TC181359_OQS_RK_TRiM_FO_Add_a_FO_to_OQS_RK_and_verify_in_TRiM","Failed","E2E","181359","CREW employee details not visible on Trim."
"EW","CREW_14499_TC05_OQS_RK_TRiM_FO_Add_multiple_FOs_to_OQS_RK_and_verify_in_TRiM","Failed","E2E","EW","CREW employee details not visible on Trim."
"EW","CREW_14499_TC05_OQS_RK_TRiM_FO_Add_multiple_FOs_to_OQS_RK_and_verify_in_TRiM","Failed","E2E","EW","CREW employee details not visible on Trim."
"EW","CREW_14499_TC05_OQS_RK_TRiM_FO_Add_multiple_FOs_to_OQS_RK_and_verify_in_TRiM","Failed","E2E","EW","CREW employee details not visible on Trim."
"181553","TC181553_TC10 OQS RK TRiM FO End an FO position and add new FO position to the CM to OQS RK and verify in TRiM","Failed","E2E","181553","CREW employee details not visible on Trim."
"181554","TC181554_TC11 OQS RK TRiM CA End a CA position and add new FO position to the CM to OQS RK and verify in TRiM","Failed","E2E","181554","CREW employee details not visible on Trim."
